,China,Germany,United States,Japan,"Korea, Republic of",France,Italy,Netherlands,Mexico,United Kingdom,"Taiwan, Province of China",Canada,Belgium,Russian Federation,Singapore,Spain,India,Switzerland,Malaysia,Australia,Viet Nam,Brazil,Thailand,Poland,Indonesia,Saudi Arabia,Czech Republic,Turkey,Ireland,Austria,Sweden,Hong Kong,United Arab Emirates,South Africa,Hungary,Norway,Philippines,Denmark,Slovakia,Finland,Chile,Romania,Iraq,Portugal,Argentina,Qatar,Israel,Nigeria,Ukraine,Peru
China,0.0,108569170.6769499,459218104.3070851,156608086.3535491,98124339.0530541,52564357.2175728,31844139.2168543,49063026.6698061,51890026.3554617,58799934.3160467,42928280.328,49518754.8147003,17595336.6263099,43674964.728384,45850438.5221898,28509306.3628231,68284995.8104681,13223224.2747558,37880080.5344149,47856558.1331759,70614926.833,27076688.8330324,38281487.671,25704584.0454238,34310292.5729505,18283413.081,19689257.1877701,22977264.9601996,4506512.5603036,8842740.1319084,6956156.2307903,255782360.6403176,28577480.21,15501011.273941,5780399.1956791,8147308.3539591,22919391.1546792,6113413.8059669,5579605.4598421,4938525.0678405,15283155.0071222,4238138.4039276,8305464.519,2381675.6871337,12593936.3178585,1668151.354,5904427.9243446,9915498.8984119,5589082.3142025,8755330.5247303
Germany,95086360.4592416,0.0,112006512.9478265,22449249.3758785,19691821.0489535,105069968.7711834,72192340.6866043,84749116.2859779,14855766.8526344,90414686.4906867,8444304.065,11987767.2557756,58690389.3419333,27409538.2944004,7836328.7032119,43745819.4677057,12035584.5557519,54593735.7459957,5780133.1048503,9325233.9164192,3811270.465,9277404.4758923,5159072.817,55743498.2110957,3252935.139623,7192636.422,42524336.3991536,22498384.8625154,8431578.5138824,62970276.3019754,27396268.3543593,7752816.6073295,12247701.222,7367683.8532141,26119746.1260166,9611908.215985,2459128.8993714,18206758.8292405,14482993.7014366,10864437.2899996,2631458.5498039,16316512.1614687,738032.574,10625519.3589481,3261252.3844381,2007653.096,4166183.308777,1162246.4776968,5557108.2778481,1066913.3938284
United States,134058712.59718692,62350717.6190065,0.0,68560647.9745572,49176519.8746472,36928625.6777417,16636658.5784919,35721819.0450894,181929992.2992609,46604234.0462317,11172139.642,152321904.2712662,29740747.8129087,10782117.9739245,23998810.235079,14985123.9927137,22850355.8371876,21288752.5476955,14661380.4728364,20501788.6109114,4982565.343,20545841.684644,5437775.622,6073248.3648641,7550657.2153413,7705130.899,3692770.523584,11313110.8871444,17142034.7396589,5852482.156665199,3518048.6528915,30716776.6436771,8722075.757,5449710.9517223,2036684.8103078,5486025.873634,7880569.5079286,1731670.0133126,856017.1754195,2042354.4133686,11448607.7997346,1247752.4228178,622386.99,1036095.4546927,7335363.9576012,826412.43,6870985.7904275,2001119.5082422,2329893.0713582,7739924.1122007
Japan,137903073.0952888,24477290.8589209,125044147.4127208,0.0,54142858.1660092,10543149.7655212,4763748.9207547,9554654.3618982,14831586.9455897,14513471.497665,32960022.267,11760179.0190352,9809068.5035346,7186826.3973796,17318885.1108551,4269399.4605503,9369261.4331062,5692378.060631,13418907.2247351,16333214.6418866,13325463.207,3428117.7316115,26425476.648,3476832.4471284,13467169.5107408,3676778.259,2704107.7885692,4203820.3099306,1201555.4056454,2233285.8608961,1273062.7124435,32227737.5103097,6972656.471,2229513.6513301,1436464.9316017,1710735.5505249,11553165.5878817,318973.2778511,566936.2496303,764565.3017048,2107908.6575072003,394391.816944,277973.68,442690.1720648,1035503.4211833,1148240.644,1975377.120056,407001.2059617,689139.6971775,1014224.5002999
"Korea, Republic of",150254435.283706,11881002.956301,66689159.1189993,26841148.2251738,0.0,3754605.6609557,3865858.3183001,4333792.9638292,11130979.1363055,9199204.9952238,14896487.867,5977142.2963751,3060577.2531581,7024344.4427424,20498594.7522391,3760941.3658494,15298148.0185479,742757.6494867,8172216.7448918,18696638.5603814,47748656.972,5411811.0393758,7461327.972,3543117.0675793,8009077.8577044,5146682.794,3955163.4308802,6348947.8804369,1080154.4809379,972155.8835985,960283.4475212,34894821.5042859,5387927.099,1039023.6877345,1396149.2540865,5691685.8923016,11238234.1280098,1229209.8560424,4277319.3848668,627786.4002989,1797246.64298,466256.3567412,1461550.924,462563.6785359,847524.8587841,435280.367,1118535.2899641,2173232.5991823,317371.7702465,1014114.665867
France,22152772.7052829,69976181.9144786,35581136.2331698,9286313.8322273,6369459.0141522,0.0,39638044.6886309,18407847.9039899,4041343.2456478,35962128.7487537,3090182.583,4084952.2423873,39651360.7487075,7464706.942819499,7875977.0022017,37681418.9370607,5234165.558157,16444119.1769685,2572036.666737,3048416.4507752,1778133.124,3721372.5601117,2557495.237,9012799.4252312,1939301.9298119,5050425.101,5105539.2389645,7892587.1694471,7191229.8026809,4397952.1745525,5788837.4508112995,6508051.0061217,3794246.548,2114373.4775706,4005615.6171809,2487228.0006739,965122.8561557,2900705.2658951,2879547.9360709,2416426.5632295,1290770.4853485,4416099.40573,364978.328,5730743.5509421,1352270.7897788,2232435.032,1532974.4849128,750509.8924156,1388497.2788314,350793.0010382
Italy,16325998.7692841,58796959.0942346,44747595.8283927,8338953.1725958,5434535.7618812,48286556.3972978,0.0,11521113.2066965,5407582.9681903,24922056.0355912,1659146.087,5389172.9651303,15233184.4311868,9136239.8138988,3216415.2056574,23457105.2972652,4141606.2822904,20687939.5335079,1596204.6676969,4090571.1236208,1318642.3,4090014.2975896,1585960.546,12205362.1896909,1405263.0885103,4376511.919,6765507.9374946,11375349.3216011,2251891.4461533,10333460.7571363,4537157.8232792,6295856.409307,5948670.466,2258923.4754843,4536730.3280728,2478003.7568492,809415.3374408,3028094.5524617,3066406.1409171,1734086.9141159,1170911.3044144,8022301.7659822,641494.032,4263794.9988332,1696194.1622698,1040144.949,2469405.5742861,526744.9476261,1637102.7996078,823126.9518032
Netherlands,11884767.1999136,90013834.2508522,16339326.0199245,2999943.5943897,6317587.471485,29791417.1518161,24773546.2712152,0.0,2471008.3591845,46980061.5570776,3663199.465,3074946.2446127,67592852.8901246,4667909.905418,5140060.965041,14134725.2834738,2340638.9565128,5239539.9644696005,1750904.7372563,1720046.067479,939234.341,2011959.8076811,1170935.531,8773398.3445076,1032241.3893284,2912374.692,4735820.3623902,4163827.741853,3026221.1464732,4851675.4584025,11917475.9510718,2667147.2452749,3161627.442,1376885.8193115,4833081.8758057,3560882.1711463,681904.6474887,6668283.388475,1326458.1232018,3767595.4859739,523183.6234393,3233841.5959137,455064.054,4164971.7388077,594351.4276329,572216.025,2572242.1385299,2834313.9090195,735993.7245541,330191.7131992
Mexico,10473920.9711119,8760841.6874802,305139697.4203791,5507292.2281799,4165623.543964,2984977.7012949,1129873.2203854,1995409.1352508,0.0,3225652.2509194,378801.143,21230184.9991836,3980747.7048327,766081.6852481,1334601.5689292,4540788.642632401,3751849.7338863,1548065.2855278,851806.0921195,1896400.0553626,246227.13,3943000.8340283,538471.032,615162.6479749,339757.93998729996,147605.111,670002.3849633,750625.6081951,398461.4061855,439075.4196769,89227.2710364,924114.4691156,308171.24,504950.2052711,244895.1154609,230699.256454,178478.1430062,159172.7142874,113817.7679324,223120.6052539,2115487.0158932,141197.7044147,27131.668,177742.94261,2057029.6177153,30142.315,200445.9449987,35883.0665059,111408.5003203,1785838.5833385
United Kingdom,21964676.3303527,38699269.8322495,45219126.7588405,7086560.5843366,6652447.2281401,24878647.2482977,12593468.8087426,24976972.1219272,2034049.6831888,0.0,1491364.973,6156056.6349663,19527867.25968,4148764.1631094,4020698.9540275,12849955.2639211,4765209.2459858,19261098.1830089,1708843.7527544,4946643.7801959,733815.126,2358217.4316087,1591564.185,5368245.0469004,1075667.9593211,4931396.479,4031158.2361191,6843046.1647446,21016530.7628912,2604969.0999105,7259694.6718617,8343033.4571192,9572508.949,2383349.8247334003,1911391.4633061,3997078.9433664,659600.2974219,3313637.4405651,1894084.1651454,1874742.6102527,791265.4071539,1810942.9662465,412990.442,2084103.6025967,506081.5350768,3098626.337,3658940.6474772,1346794.9546777,758024.7653192,276462.4430409
"Taiwan, Province of China",154333421.3408693,10683635.8124359,37304894.3850377,22975981.4368378,18012832.7279742,3354998.5281775,2157637.737853,3466796.8039123,4105195.8726352,4391536.1667378,0.0,1555861.0792847,1484691.9154457,1924820.4127168,25385820.4494516,1261315.5789528,3450312.7023754,1216826.8375107,12368697.2626466,2668784.4019868,0.0,719557.0556307,0.0,1368717.8078906,3021354.5070219,0.0,1043036.0864612,1970509.095189,330624.7615742,761290.5751429,733274.6522143,40790252.9978104,0.0,740978.8631536,687022.0727722,520439.584813,5375086.0066181,352049.2125823,557271.5292662,383169.9548024,276795.8945549,222676.0464665,0.0,397540.108961,438549.3742093,0.0,780105.0228866,75418.637782,220014.7250945,325976.1258683
Canada,18434005.2254039,3735008.3879311,274616566.2500778,9643616.4835072,4606089.8430684,2967771.0839517,1664205.8100565,2174781.8600063,8057305.8773649,7675508.8162388,1089774.078,0.0,2883075.9649835,767367.3440132,992152.7881161,1702383.5440339,4184263.8898842,1975915.6119282,619894.7066135,1378748.8261161,732836.119,1367973.5409039,431667.548,653083.3762121,1533503.4851505,390438.813,230443.3578793,1901985.4896673,545901.4128533,317006.7189813,462140.1694937,1640520.0534183,899184.3640000001,789314.8337828,82627.6829315,1887904.5553925,629951.5535775,384293.9409279,82768.9137266,557860.4507937001,761731.2830238,125911.462995,42199.141,229732.6079049,618923.4175363,60231.681,307700.405953,331144.7015013,239208.2205065,600534.0069304
Belgium,8953526.527259,50388414.3797694,14174252.160447,3117788.8696383,1478671.4184854,45002240.4078767,20601158.1947957,49417021.5395688,1360591.6368902,32880777.9336398,832460.174,2339351.2325509,0.0,3492351.2720091,1341181.1619579,9608550.2116091,6813283.4344987,5761254.1774854,697540.9477402,1330237.1030631,618440.212,2028747.1734711,1158064.754,6603783.4575739,700534.8778152,1771595.382,2963954.7879859,4286020.333944,1915050.6201557,3083391.8492249,7575400.0374262,3075246.2844517,4285525.193,1109146.8869776,2288504.632893,1445734.665891,608314.8873094,2931994.8937914,1075567.5594459,1636332.2485146,423814.2324092,2058338.2806517,201506.142,2280303.7797658,431713.2458541,369164.53,3904851.1252782,2983684.3129833,616786.1286752,203274.0191375
Russian Federation,39155775.5268439,19454164.7906375,15261408.5861437,11678267.4197069,12141840.0847239,5770853.8981805,13293293.0145624,29097282.0446948,1701280.3145843,7202215.3597993,3370449.449,769348.4590249,9744745.7372145,0.0,3805915.834695299,2984203.8663114,6326807.7245507,2323176.2023474,891263.1635021,347129.67128929996,1239797.19,2463281.7446881,508579.898,11251534.0407398,1329347.5317693,759154.226,4603399.8443791,13169173.3320671,374090.4967046,622301.6306395,3738590.767857,814653.0485588,1366434.131,412243.7577878,3296060.1751522003,1270018.3577741,282964.934832,2067407.0468733,3531052.5428609,8316692.754384,72805.3628276,2558194.2790997,255547.254,1551269.6614708002,303180.1303118,49770.753,1719562.1272721,657968.1065008,7765189.6631594,319515.8944379
Singapore,50813104.3138427,8603908.519512901,16408396.8445792,12113975.4217625,14181379.2310223,2834115.5139137,466164.964414,5536508.2039344,1271592.9631097,2502413.0373824,15788701.715,730600.4215347,3753714.5023859,716217.3350165,0.0,339725.5901241,7786447.2696108,2006229.9510248,28432348.332968306,6373624.7293834,11782580.806,803410.1828202,13401399.434,570967.6022324,17868390.6054287,681971.795,481995.4553355,494179.8065546,349056.1696124,171451.5902884,207919.931767,61430275.7677296,2767491.81,515160.328234,317384.0536415,372973.1064279,5340515.97147,91361.2180105,42298.8593868,275357.3619778,93664.04096,54739.4478888,59100.971,411961.4284367,150169.2270143,313738.49,1535967.6073955,173522.1321573,30579.4024608,94602.1945608
Spain,7454345.2716452,33977133.2875672,14163733.6284824,3217325.8538649,2058583.7368158,40614420.489017904,22683884.6063683,9494226.0345457,5083378.2355436,20697347.3614677,563867.449,1845005.3941339,9760049.27661,2703616.3799786,702605.9017867,0.0,1574919.5697061,5366516.2227977,772938.0645142,1684982.8226704,473212.462,2800519.3725675,695113.125,5176101.1963521,518318.2343992,2538155.899,2851156.097479,6545869.4938488,1613623.0361767,2727632.3271799,2127565.5695253,1107154.2204055,1963496.014,1571448.4248854,1723250.5771422,1697230.9827375,564530.9873658,1433961.8228664,1246036.1145627,1292052.5598652,1494078.0580533,2238099.2164521,212593.395,24198654.7499864,1480650.0560067,463537.096,1621028.7173991,369263.7506341,552315.2394827,1135950.9503974
India,14716362.9684155,9906292.8767299,44244516.5961426,5239293.966597999,4954197.5604975,6022973.2946822,5773813.095332,3975578.0361399,4641575.132043,9156739.0029641,2127127.202,2634258.859412,5563406.3403207,2812692.6904007,7344322.9540316,4346812.2553752,0.0,1613712.5695935,6104192.508509,3531871.3325676997,8082940.832,2913585.3670322,3556603.016,2356331.8468464,3966506.0931201,4986604.257999999,788333.9345051,6146607.3354491005,885295.9736095,887218.8500854,750110.0609836,12738856.2717642,27982795.297,4282573.1102064,411327.134103,561180.8403416,1697853.8723248,712237.8741256,308519.16999,409178.6472466,815904.6510906001,350698.3793854,1193443.57,769593.9682853,817468.7358197,1160069.452,1588394.7216313,1583875.3786309,543280.4873247,826735.8651118
Switzerland,26131313.2104877,48021269.9239197,28477130.1491516,7579389.3075269,2945490.4481122,15364290.7720601,12559420.6935034,4132335.3620761,1569871.8592014,13047745.8630677,1857983.968,3423554.5223435,6473807.9891056,2290724.3811108,7372656.1505376,4383489.6758648,20873480.211656302,0.0,2723585.0176,1642237.2484506,589381.188,1996830.9005074,3591987.5020000003,1869986.6122223,642548.7512113,1844256.952,1598247.1246836,6723241.0083642,854006.654697,8743813.988154199,1224313.2773516,15542892.2422988,3977299.954,814726.9671815,801511.3124977,968666.2729698,420477.6086396,531736.2613975,657000.5591552,1001327.5291813,267851.1048825,559118.8756214,322718.067,375829.0116906,619636.1083738001,684117.424,4656552.8601256,107979.8427986,1525383.6359658998,136998.9737476
Malaysia,42963677.3553695,9371127.4422142,32667925.6538292,17745687.7618191,8241993.9629703,2319485.9885186,1117375.1684294,7383452.6549164,3291340.0520765,2383018.0811261,4252788.135,1251592.1897845,1230423.888153,1348051.5370367,42259197.4778022,832966.2021236,8218456.7350687,1530705.0659629,0.0,7841657.199398,6214468.267,902684.4703048,10719814.989,743249.7051505,9123821.9103599,940509.411,776736.1609131,3079765.7244615,506792.2410859,382650.3083572,369733.2852814,13631340.1119264,2695844.822,888658.8147213999,380957.0735962,399742.5803062,3696019.762004,164812.8998047,537497.2450741,251729.9262862,206538.3794881,99955.8630787,126934.55,79427.9264152,374982.0187426,148295.857,10876.6075157,363529.5958341,189116.5964058,164165.9539842
Australia,85067826.3713363,2494536.1797130997,8568504.9667943,34689711.2207631,17979135.807598,1260025.3084315,650300.6584608,1359303.9933466,313748.1019938,4753264.3247966,6328888.0600000005,1394648.218372,1040737.7118214,486133.0016353,3885912.5915148,645590.1218594,14905025.4263374,1729832.5023601002,4638263.5155721,0.0,3467495.34,1342405.6538919,3012934.161,500491.1243901,6052850.2732226,836830.942,160318.0956747,2851895.8600705,100052.6811034,126887.8814603,276473.8921942,14084621.7778359,1263500.054,1062994.9848022,59021.9756086,118559.8766264,2149784.330881,72547.78392249999,6962.6832451,84728.8494674,312046.76826700004,64426.3866396,66605.527,45793.8541371,258237.2544649,345648.489,154000.4896924,173452.699112,108260.7449501,146023.6115052
Viet Nam,39854093.360057704,10896526.5846086,46110724.898465,18100342.9981029,16062784.9568676,5811234.2594883,2848372.1977274,5984715.2892166,2101158.3075875,5390085.3618091,0.0,2059530.2550599,2503091.1497908,3319107.1993942,2795354.0540639,2942437.9585016,3846264.5945864,1437548.1179134,3526082.8788988,3733121.1722999,0.0,810215.4129591,0.0,1907137.0405494,3033444.9135555,0.0,899798.2187269,3037190.9056627997,172043.3194358,953697.1569506,1138813.4285155002,7871917.7064726995,0.0,1010645.294276,276874.375281,542056.4904588,2723645.0799097,405181.7788596,4452382.2424107995,258503.7741881,880040.9740045,167429.73360759998,0.0,317078.0147138,620722.813994,0.0,535023.5947788,21698.0987475,392341.6513546,395424.9553026
Brazil,47884733.0804368,5953697.7453603,24963043.206668,5624661.1302761,3232309.279149,2745899.5178428,3621822.0322242,7834804.893557601,4773734.3716044,3007142.4933914,1834707.676,2504199.9088438,3180556.4960715,2996705.0689548,2292752.253466,4081084.8423407,4871103.6490542,1382244.7820218,2582062.1779624,530305.6145771,1732439.5429999998,0.0,1788199.978,1065729.8975597,1850580.6880481,2656382.251,211518.4652576,1848775.0249571,346064.7129095,292968.2187444,512871.3292095,2651686.6115466,2460947.036,1576518.990061,211346.0236997,979617.960866,488384.4002952,331492.0723184,63852.9390136,574796.6719357,5318156.6298218,313164.1959037,810641.817,1520149.8524306,17807266.855209,420181.183,382938.6621297,750516.9772667,182407.8867771,2358711.3609559
Thailand,40645847.9663718,6839737.2399622,27933001.4619946,21990235.0998882,5120444.4856843,3039056.523868,1735808.480527,3198669.2263523,4803810.6495325,3662179.8554187,0.0,1353244.130954,1640547.6346956,1707656.6681319,6596639.0473071,1294524.0359813,6339925.5572418,4315862.9671392,10901664.6836696,10623198.1912923,0.0,912437.8108253,0.0,825707.397045,8795684.6140324,0.0,1212492.5984781,1967882.550859,429837.5409248,674032.3925736,538885.2535398,10733417.1662772,0.0,1443466.2692824,490131.0440719,719587.7854969,6993233.4002421005,279240.6280084,239301.3833012,247098.2256502,886302.179155,161913.7335622,0.0,166481.9258057,1255071.615468,0.0,545893.0038765,124790.8532365,187133.8617606,448086.2111954
Poland,2600836.2364823,54703508.3712928,5693541.9840861,1001425.6256749,676158.8806423,11695124.3803726,10970179.0395561,9424294.7991343,766832.0915796,13757727.0875559,173789.951,1419397.3893562,5246835.8657729,6045329.5457931,414043.1545767,5818080.7489688,755940.071521,2392691.4180871,165789.74213220002,832057.887623,276380.174,531697.7035782,265318.211,0.0,140083.8308372,653822.128,12736773.3273917,3499550.150457,814349.0930176,4347238.613274,5573465.2353106,452633.2783214,549439.79,737381.0346869,5448806.7511521,3012498.0151824,78857.7499431,3501177.5845357,4810005.8615205,1845005.0550767,149074.3023288,4364580.9194798,94128.199,979428.8676617,267006.4575366,78786.741,466942.3100184,147158.6713426,3994450.3261609,89345.7882051
Indonesia,25694960.3881617,4340089.2233951,19914255.7829826,18934978.7765162,9231417.7742971,1940569.5186372,2094711.4085519,3476280.2428724,1329646.8971379,1764375.468494,4214936.615,1179788.8735634,1693315.9739532,1810156.6002916,14513444.9325614,2323689.6114494,15026823.1688132,1480526.391699,8793755.213422,3186135.2467715,3586307.899,1346061.7995056,6459937.671,698964.9212217,0.0,1312482.092,353258.9475278,1495866.8413015,139444.7435628,302283.8329402,169423.4537255,3053082.945649,1628260.675,745108.4681564,142472.4914002,200024.4019344,6706785.3677634,273293.230267,144861.9025973,165379.9791604,214291.0036834,146645.6725724,125816.824,177906.1723558,343729.7124025,74636.188,66989.90801,413876.3696051,272525.120179,350277.0428379
Saudi Arabia,29229418.1435197,794623.07641,17470719.2466698,25160470.6581367,17809114.269101202,4350841.407991501,3538322.0056474,1344348.5386436,60399.6244505,1682453.9933597,0.0,100867.7410777,3127878.361204,179962.9991164,8507662.669948,3843297.4593752,19441305.0174282,559650.3344793,2331279.647111,240549.8517197,0.0,1709345.0130643,0.0,737148.375012,3229892.8393726,0.0,125650.3487559,2032218.9688682,9239.6451347,67441.32579280001,78183.2983828,376109.9504935,0.0,3887322.0876838006,7120.878732800001,33471.8303435,1093775.1275562,35671.7536307,12792.6988118,68825.1247587,17706.5898641,12715.4354436,0.0,607321.5333075,88169.5174247,0.0,0.0,272941.2022733,175450.1928516,130188.627476
Czech Republic,2707635.1266374,51860692.3189983,3842522.8888776,922193.1950393,663036.1327783,8384438.6950133,7294681.5489852,5759010.6986186,1054727.9303686,7792025.1905014,235823.542,407260.6209091,4652497.946579,3460727.2915189,332045.8441058,4772163.4325667,700139.6618129,2537236.2911127,227455.6640548,523557.540171,106039.738,443237.1940031,179952.494,8740159.9735853,139054.34846829998,582011.153,0.0,2712561.5907907,628290.2554076,7177717.5098767,2238186.904982,263046.1035891,837179.089,558181.7678794,4479201.7615636,897193.7894696001,144295.0221002,1277594.7558352,11267544.9833218,987678.3066348,73475.1736896,2421203.818893,61407.383,531580.8583216,181795.9155999,113891.623,609773.5177996,49116.8086545,1030254.506247,52172.6853068
Turkey,3190921.3278971,17358678.4729257,8722389.0540219,571740.2049005,756397.0857512,7992063.7619555,9372465.0227056,3447980.4286519,677805.9329016,10127760.442543,200755.688,1144182.017952,4767062.2438976,3116553.4219554,632865.7901641,6767338.7789698,1045254.1623908,1608083.277469,336864.5899409,607193.2569088,231911.385,456866.7831009,159422.13999999998,3421912.8153983,491145.080861,2726504.569,1430532.3729068,0.0,622221.7656124,1566531.1882377,1441530.9494533,621583.5849015,9169892.617,606429.9550208,1044819.5947489,814663.8695109,167589.5033844,1014528.8394342,523282.3240851,537626.7831042,318908.739632,3357447.4622418,9051382.977,752430.7364166,215237.0795383,631522.099,2780112.9188301,348019.4058297,1298648.613936,144220.7575304
Ireland,7639318.608258599,14323859.7686182,40169958.7164042,5169872.3375955,1149898.700787,7556264.2617127,4112412.1048584,6378670.002194,1637286.0415991002,18550362.9071818,300844.414,1704577.8574068,15493708.4221844,1082614.0203873,786570.9993265,3249312.7300105,617166.8214207,7728153.6276853,834103.5119926999,870373.5779174,110767.511,499049.2916241,185691.675,1616225.1898982,109655.6655268,794051.405,1744497.0539206,992053.2641971,0.0,661831.6520403,1454564.4239593002,705839.4951039,450833.167,508657.8782874,540863.3502192,733567.5234611,224212.5388961,775532.7515433,265097.2176086,525121.0124408,124795.9000145,414014.4165467,99489.376,572905.7669228,236942.644045,79525.88,797208.3054224999,328481.7273602,113817.7498365,55740.5246423
Austria,4748254.7613737,42656745.5528459,10547747.8966805,1628786.2104512,1614649.3021086,5617843.8423046,10155569.6178823,2861132.9504759,1355339.2998315,4383617.0894695,381870.301,1409177.898445,2336879.232133,2306397.5477204,620095.3889081,2435828.7587475,886743.7727787,7700105.1380762,588953.7210241001,1175037.3935075,254163.115,886484.2906936,260782.897,3887270.3822764,316764.9202357,400085.931,5217572.8462517,1493152.0853567,352596.3242803,0.0,1858366.9502908,484895.9809069,669845.511,514818.7368749,5643068.1800324,627471.3705736,227987.6906725,767480.2546696,2811615.5469493,647888.8949451,297349.3008495,2659217.9026545,93587.522,443617.0054835,211021.9469704,114614.295,473867.089778,95102.8813378,531482.1436259,94704.2993353
Sweden,7125711.5539464,16070435.583965,9800020.2246897,2426109.6038238,1692754.2276151,6473610.6124165,4154572.5298997,7755955.4438762,929998.461052,8890060.502016399,480086.087,1625954.0398354,8274746.051047,2158201.0378215,862740.9193635,2795406.8704243,1307864.2929023,1608712.31828,510048.8510287,1586727.6806948,242207.088,1002093.2349359,504886.656,3956545.130193,546310.9420434,1071119.589,1355433.5124185,1794518.7776097,644008.3772439,1587064.7880195,0.0,402658.5969159,717434.15,795878.533319,821424.96617,10236297.5905853,181115.0775932,10390895.8963844,471292.1321073,6838027.3948745,376637.7709473,446522.4352226,148563.099,747715.482383,540989.4509254,230136.343,755420.5360396,153922.2277582,416778.5114891,263322.2622063
Hong Kong,16162052.1841375,1547185.223358,4047158.9089168,1499558.7724592,2006886.6064074,800975.3522261,344981.5099276,6134981.3624564,389097.506418,8846084.7860789,11954830.236,945679.0952327,711854.6495124,362510.0622354,5072776.934799001,260345.5462725,10337038.5694821,9342974.678748,3226413.4088342,552997.6997247,10065454.646,866006.1276143,12539001.744,74045.023033,1756635.4570289,1021568.61,137456.3850839,136725.2986749,120181.6691146,155740.1723955,987959.3714975,0.0,5993619.182,346114.3392993,713499.9331578,124317.9640635,3227880.4078341,92163.7573657,88486.6942825,155107.9644561,87096.6961138,30593.5708465,60055.179,86489.6703119,330893.2272773,179119.437,1128074.1584384,81847.1921459,43256.2304233,41873.5513245
United Arab Emirates,11405198.9086274,1084374.9895555,3264727.3704712,18857565.0598188,8888407.5959362,1151511.0544604,1102884.3946861,1108402.2188535,378439.8619462,2148624.2610713,0.0,104076.2459975,2517296.6271473,167563.9474627,7966337.1852437,367622.2060844,22112441.1588199,9977883.0285138,2906801.5467818,1446461.6379534,0.0,169071.8663381,0.0,192928.4394395,2036502.6446254,0.0,94732.3006052,5532546.0651223,27710.4988711,127788.7504887,49852.8993902,2814676.3364574,0.0,1329310.3256064,11910.5287461,46017.9531654,797073.0539172001,22972.1172185,17536.8238634,11066.3527909,41713.5244575,50937.0543714,0.0,18461.9699072,45336.1838491,0.0,0.0,346748.1306879,53817.5990378,21346.6782597
South Africa,17082647.6830129,6995369.308735,8023121.1800286,5117162.6107403,2374922.5753575,1511955.0951672,1873748.8156665,2303419.9688125,249174.5892277,7964417.709288899,876308.014,794681.4253884,5335273.6756459,535387.2215896,1148911.6296107,1572654.7085074,7987023.3474051,2319415.2167718,741534.2159092,953699.1669434,276465.213,431956.0302258,618818.232,335557.0202398,520924.6118019,330454.81799999997,322637.2572671,1707383.1854065,142595.9280591,165819.4210118,179281.36409760002,3952098.0816409,2940499.966,0.0,87703.7119234,447979.0315812,83336.8159672,109291.4447815,42628.8823116,123658.7699855,69267.4258811,42062.6128274,5983.805,277713.4615489,201464.5420339,116956.176,880473.0363794001,506673.0817097,170217.4948487,49539.7737146
Hungary,3162760.5828862,29115185.0149245,4178666.6472675,1044798.8983243,676909.6303811,4804180.6518698,5791138.2960638,3008828.0196749,1226231.2566117,3671064.5137204,217158.563,488129.8012696,2413534.4779127,2041171.1334672,254447.3417535,2953191.3891289,261127.927862,1117397.5625583,184330.7824229,470060.9162718,79608.959,327630.6220609,99421.5,3977056.1473298,64215.320417300005,116114.0,4033769.5868039,1692791.8410386,195430.3233958,4692556.4902563,1540381.1421302,285592.38493450003,197358.354,225113.5454723,0.0,327134.2323645,51096.3359408,720680.5132906,4398024.8299678005,417976.2358084,86772.6231404,5833007.1568537,49795.038,470889.4860851,383318.7864142,28375.204,261847.3268429,33347.8266776,1522503.07381,62463.7982406
Norway,2970972.7067347,16381900.3847709,5007520.7396326,1746252.2301874,1237223.4180967,7477625.428179599,1463383.1439966,8004936.570793,167481.5875218,21527188.0786339,203569.316,1391292.9007468,4846273.7897086,504692.9629439,814428.6971901,2611554.6472413,399053.2805059,458541.2939989,382079.5550397,284687.2186537,348980.366,510593.4473887,224783.822,2423965.5295331003,261309.8218243,122400.103,279904.0243116,820832.3126785001,1220677.6753579,316622.9836797,8983701.7521762,208120.9188062,467592.979,89283.2256353,59854.608483300006,0.0,73308.2444947,4185615.0781429,57070.5130355,1613273.9306183,86925.2476317,88831.4219345,25686.397999999997,580916.1534516,40792.5318565,42937.388,200284.0206746,288323.25717550004,207092.9775906,28753.8034208
Philippines,19620047.3603587,4959457.2557214005,11308446.4538921,11152573.4892556,4245459.0599097,1379776.2217334,354648.3969096,2636364.7217083,2084356.5349878,738790.3694628,2450766.885,891971.4401478,423101.7258605,399915.709267,3382785.3946885,320213.6508334,804370.0559566,625047.5330497,2550960.9400129,589041.5422623,907174.702,214906.961821,2740744.241,416193.0404162,861555.6216104,80183.025,408319.2676429,151809.3056542,200527.8559032,182202.8479263,57069.2778777,14953586.1856559,658007.577,118377.2022175,210009.5858161,45524.5425041,0.0,56485.4406914,68096.2044016,78938.390321,56329.982944,33880.169008,28459.048,500167.5098832,137514.2162633,32163.768,97618.0602527,4859.5947542,43199.0462224,61250.8775088
Denmark,4161203.1736655,11728656.1839993,7009159.776682599,1849939.5110204,668428.6211499,2776294.0040831,2436951.8105063,3916305.5985188,520282.0315572,6466722.4521321,281641.111,655136.0813838,1597889.4287225,1313440.9710449,290344.393632,1943627.312299,437617.2406764,685175.4280892,207874.5389568,916002.2419304,387998.112,367622.101313,292613.609,2590672.4451962,176859.4319036,486453.24,796925.948842,815068.8891853,578293.346787,685916.0402356,9619918.5604187,623841.6076064,436119.989,301351.1709145,587713.955225,4465832.8779667,169572.8729144,0.0,318508.5127797,1668963.6000277,161170.7423698,336950.6946691,26585.125,334133.8057082,178620.7859258,84536.865,188223.8737675,150516.2318062,232744.0782609,50261.3283692
Slovakia,1901282.9456003,15858891.1989206,2885741.621785,205575.4799033,169305.2426662,5151535.4199473,5040602.934543,1742047.5874534,240360.2509241,4915266.1261802,36109.663,454642.7865492,1111329.1390203,1817320.6195279,61531.8483535,2484302.7035923,79625.4166247,966923.9162188,34850.6371466,263758.5626166,44620.527,109614.2083934,33359.087,4538857.2870101,24301.1965498,82668.968,7989244.363727,905508.5746965,134606.4210752,3844297.9961193,1089481.6465217,58658.8385102,204318.159,159168.1994915,4578423.1221821,397153.7359225,6591.3474366,523005.123392,0.0,283915.0416992,21977.7538806,2010944.7336,4486.613,287681.1870202,71386.2843207,23624.055,285374.7631926,14387.2512408,540729.8345554,18486.4761907
Finland,3956249.8590542,8978524.4963939,5548101.074634,1581107.852076,960718.9019549,2492232.1438182,1694079.6101389,4635164.0637788,480977.1205596,3244764.5008565,181845.889,763826.3732726,2720329.5340605,3784746.4191108,257064.6915831,1187329.4051217,673702.2191554,1099230.1118761,166266.2075176,679189.591507,128974.969,518416.6018246,181346.206,1716989.4055419,433355.7472752,335135.321,412517.6565127,941308.5094514,336031.957509,512108.0525586,6651664.7674289,209075.28087,346639.196,387644.2474045,309065.9143863,1783195.102917,218121.8259379,1087218.8611768,169879.5095316,0.0,284839.5804746,199478.5458011,10007.455999999998,225898.8267379,271733.3722928,28742.509,252403.6681474,60302.0533218,264420.7126603,131016.5804096
Chile,19214903.2272955,1342920.5060036,10138069.7172352,6385038.012720999,4071008.8482888,1126199.983401,949290.863278,1537806.6737119,1428242.2261329,667976.3775215,1282873.029,1465442.6038789,561464.5177181,763684.7584064,69387.4451633,1912377.7802674,2098986.3851332003,493616.249746,204503.2088647,350321.464431,279204.931,3438187.9836659003,337311.30799999996,162388.2685986,104673.8995668,102354.713,35497.0959707,295737.5281208,61448.8141329,108709.1119974,91326.4751905,256156.3740673,140049.63,136296.7462733,18390.9430412,101032.1365808,228650.9672314,212042.5363958,3959.5264187,231222.5940692,0.0,6204.1829996999995,2111.6240000000003,71643.0960243,927467.9712694,7546.762,107780.9172706,47984.3385663,36163.701088099995,1401169.5164866
Romania,1270903.7935051,15998752.2831999,1960442.4826475,548855.7311235,446292.8905297,4443351.9769902,7305184.6538406,1676158.5925397,370545.8356977,2748964.0683789,49766.957,330490.2635821,1417184.6530375,1229001.3458575,82716.761906,1775325.4372671,374680.7967341,675995.4252179,29903.5702662,130261.9506534,58400.295,181559.0663954,61619.439999999995,2032192.0485821,47265.6548192,301573.975,2166407.2222227,2487997.6280932,137182.5061853,1585406.3277605,494525.7778135,73323.9363987,309111.614,287501.7705681,2687765.5424421,430354.7585918,9984.7815126,245996.9578557,1164408.5866158,251032.8284636,80162.0494702,0.0,58839.689000000006,240135.1369145,78553.4252343,21076.086,276879.794949,35170.1360583,515301.3005083,22121.6313407
Iraq,12533320.822869,984898.0398118,10058486.3406025,912914.819,5773034.907625699,130963.1250227,2914958.6258841995,2815750.014555,83.72905,1009.5206013,0.0,272.3233765,75670.88340470001,35.1467675,1525575.675,1307251.8550000002,13993293.7804699,593.859472,245543.88288439997,32.1287556,0.0,113006.555,0.0,368821.889,235.357017,0.0,92.218655,1518720.3207779,23.278571099999997,350710.55799999996,61116.9665787,2309.9454603,0.0,28.671,211531.7425828,66.3095936,5.77,0.0,33.674065,18.6179365,7.168,129740.21,0.0,299454.5460927,2.975,0.0,0.0,75.942,174.2096843,1.915
Portugal,1458871.1343415,6705583.4143142,3499434.0405377,297409.2669996,257026.4661947,6922479.3971831,2024425.5700309,2376328.3721289,556507.9765504,3955936.0815143,274907.95999999996,420479.264272,1516757.8290308,377355.0729014,382320.3426627,12342926.8980298,167767.9813695,945030.2203541,48791.9268687,191670.697218,35986.634,956701.6986159,31300.054,746949.562077,41878.5794492,157836.73799999998,485940.0584938,672020.9052753,345825.8341203,605274.1445944,522127.4832081,171182.3286009,179780.613,273829.9728052,224661.7511461,307196.581728,17326.6317847,383355.251489,310446.17333769996,311184.7682978,147015.1256451,434828.5789032,28012.376,0.0,135373.0203155,39474.357,214122.8449556,26583.9833527,61144.9578569,49231.4868916
Argentina,4381192.348881301,1117007.5071184,4590604.2416922,656309.4088692,524233.526885,370277.5030924,1082977.2677198,1317215.9480078,686451.6425298,861153.3521814,106477.241,1338600.5199286002,468750.1431754,546241.0709963,47238.1284982,1546979.0155042,2154634.1413714,1248772.3814049,1024050.1059219,622872.2730846,2271588.983,9336996.2884239,526219.795,596005.5094458,1092952.1477175,706614.21,86593.1845466,505869.7297078,318606.492431,67772.2550048,59569.3867247,270660.1338752,217808.345,545653.7524108,14962.3007709,22189.8465042,270999.6768753,228349.9950317,36563.4179247,111674.3477929,2751398.8067762,86127.9445352,194542.648,102299.6179679,0.0,19591.791,188088.87842,145958.8115138,54217.9114342,1101322.5379203
Qatar,5879491.5417487,209982.5116805,1045650.3311071,10016006.39436,10297755.7055675,680552.42107,1174999.9403709,252876.8530321,28667.3069849,1440974.9920957,0.0,12222.614781,521328.676059,22544.73555,4706172.0629111,780952.6441214,7492226.169259201,132147.7827179,459500.9784905,214873.7099363,0.0,398966.86644,0.0,13734.888112,833007.425624,0.0,13838.2497073,257065.84434220003,147102.71987369997,24270.6495219,155256.2348837,120239.6858882,0.0,228172.6035591,209.243373,6988.133247,386490.2899043,122748.60498,1307.0414899,42403.2578937,13100.6716,3180.21694,0.0,46165.6292436,406095.0664402,0.0,0.0,59616.645514,10802.7473497,14834.599
Israel,3585831.6273765,1752362.2062537,18112449.5071317,924331.639827,1114895.5377763,1291415.2494584,974307.9699901,1792138.2901539,545832.4307791,1243596.7459645,466155.0,684181.2610048,1906025.0514788,742855.038968,457742.6558856,708193.0313029,1844603.7269124,716435.6546785,4535.0,661087.4135643,89837.0,780302.559865,257973.0,306547.4748203,107752.3236493,0.0,235382.658263,1407852.868542,63814.5234235,182807.5145696,171976.3972541,557915.4048889,0.0,393889.545889,171831.8357592,97091.7547784,158427.9530402,81671.7424446,63985.8994678,81569.9151801,124541.1464632,147435.0408351,0.0,101692.752855,150479.349612,0.0,0.0,124944.0578377,158880.51534749998,69144.3087086
Nigeria,1495446.5303681,1635193.8233577998,6719403.5275349,800097.6601717001,461920.0195877,2806947.9423871,881515.7356279001,2299943.0935147996,202422.0272257,1513558.4936533,212968.381,1531919.917485,201972.8537451,46223.6174037,74677.614489,4551308.2793561,8245426.9397117,482238.8303855,195786.9539766,389347.5736849999,91415.244,763530.5911714,340457.339,80892.77818899999,1456453.5308744998,30.37,10233.5534726,560131.8494029,119543.8747722,232219.5424986,1096246.7806902002,67197.7197738,198981.253,1715246.8963764,68.401873,47955.984043300006,999.0340813,50507.925,4950.779383,1077.9596655,27.507,1975.129816,191.107,79556.786941,419506.094953,0.0,3380.462361,0.0,941.0496643,130502.678736
Ukraine,2012448.0807679,1939589.9342484,914162.4196385,250890.0184398,330467.6854984,467469.1756885,2602832.2993064,1690912.2419821,148438.0821761,494808.0312156,49195.148,90751.0883705,519512.900327,4229561.8217295,96874.3483078,1247133.9893007,2251999.5083200997,290875.069928,156705.7216715,21825.2740669,96695.033,24169.0436157,173390.854,2701186.7929647,479640.1163898,511396.691,764118.0600777001,2576453.7716113,62775.630836100005,566455.5685083,121663.0112619,83227.0280865,383554.467,103254.493146,1742966.1839522,54725.0789272,177099.5419493,184913.2917317,660849.3982898,93217.8856426,6107.1753338,876808.9908051,479444.868,266116.68308670004,18311.966192,42299.854,527391.6441223,154564.446382,0.0,25035.72635
Peru,11654942.0239625,999042.4515665,6753827.203627,1903047.8423729,2189251.9356454997,330506.1581532,592247.6301623,1059097.0089516,444840.3305283,757887.8117160001,258987.64,1154858.6257578,558629.6825676,94518.702444,59308.8710928,1972395.9866122,1981581.0432035,2473200.7496684,135922.59856699998,242866.8402363,153229.892,1602632.9842213,111958.442,91132.8201451,47581.556887399995,8196.030999999999,12991.5864665,67260.42374700001,22958.304,79663.26482160001,64560.325127799995,154536.7479997,602437.8200000001,245606.6967134,1684.3790963,114111.5885936,345666.7498382,30968.160348,8469.8716253,41563.7760835,986256.1407657,2621.5152863,439.824,29516.6863014,178707.33619,5453.232999999999,7642.7498543,5949.3580099,4352.9036701,0.0
